{
  "rooms": [
    {
      "id": 3,
      "isActive": false,
      "roomTypeName": "Deluxe",
      "numberOfBed": 2,
      "name": "King Suite2 Room",
      "RoomNumber": 1,
      "roomPicture": "https://images.unsplash.com/photo-1578683010236-d716f9a3f461?ixlib=rb-4.0.3&ixid=MnwxMjA3fDB8MHxwaG90by1wYWdlfHx8fGVufDB8fHx8&auto=format&fit=crop&w=1470&q=80",
      "discription": "One morning, when Gregor Samsa woke from troubled dreams, he found himself transformed in his bed into a horrible vermin. He lay on his armour-like back.He lifted his head a little he could see his brown belly, slightly domed and divided by arches into stiff sections. The bedding was hardly able to cover it and seemed ready to slide off any moment. His many legs, pitifully thin compared with the size of the rest of him.So many legs pitifully thin compared with the size of the rest of him waved about helplessly as he looked What's happened to me.",
      "status": 1,
      "rating": 3.5,
      "discountPrice": 10,
      "currentPrice": 13234325235
    },
    {
      "id": 4,
      "isActive": true,
      "roomTypeName": "Single",
      "numberOfBed": 2,
      "name": "King Suite Room",
      "RoomNumber": 1,
      "roomPicture": "https://images.unsplash.com/photo-1578683010236-d716f9a3f461?ixlib=rb-4.0.3&ixid=MnwxMjA3fDB8MHxwaG90by1wYWdlfHx8fGVufDB8fHx8&auto=format&fit=crop&w=1470&q=80",
      "discription": "One morning, when Gregor Samsa woke from troubled dreams, he found himself transformed in his bed into a horrible vermin. He lay on his armour-like back.He lifted his head a little he could see his brown belly, slightly domed and divided by arches into stiff sections. The bedding was hardly able to cover it and seemed ready to slide off any moment. His many legs, pitifully thin compared with the size of the rest of him.So many legs pitifully thin compared with the size of the rest of him waved about helplessly as he looked What's happened to me.",
      "status": 1,
      "rating": 5,
      "discountPrice": 10,
      "currentPrice": 200000
    },
    {
      "id": 5,
      "isActive": true,
      "roomTypeName": "Single",
      "numberOfBed": 2,
      "name": "King Suite Room",
      "RoomNumber": 1,
      "roomPicture": "https://images.unsplash.com/photo-1578683010236-d716f9a3f461?ixlib=rb-4.0.3&ixid=MnwxMjA3fDB8MHxwaG90by1wYWdlfHx8fGVufDB8fHx8&auto=format&fit=crop&w=1470&q=80",
      "discription": "One morning, when Gregor Samsa woke from troubled dreams, he found himself transformed in his bed into a horrible vermin. He lay on his armour-like back.He lifted his head a little he could see his brown belly, slightly domed and divided by arches into stiff sections. The bedding was hardly able to cover it and seemed ready to slide off any moment. His many legs, pitifully thin compared with the size of the rest of him.So many legs pitifully thin compared with the size of the rest of him waved about helplessly as he looked What's happened to me.",
      "status": 1,
      "rating": 4.5,
      "discountPrice": 10,
      "currentPrice": 665000
    },


    {
      "id": 6,
      "isActive": false,
      "roomTypeName": "Single",
      "numberOfBed": 2,
      "name": "King Suite Room",
      "RoomNumber": 1,
      "roomPicture": "https://images.unsplash.com/photo-1578683010236-d716f9a3f461?ixlib=rb-4.0.3&ixid=MnwxMjA3fDB8MHxwaG90by1wYWdlfHx8fGVufDB8fHx8&auto=format&fit=crop&w=1470&q=80",
      "discription": "One morning, when Gregor Samsa woke from troubled dreams, he found himself transformed in his bed into a horrible vermin. He lay on his armour-like back.He lifted his head a little he could see his brown belly, slightly domed and divided by arches into stiff sections. The bedding was hardly able to cover it and seemed ready to slide off any moment. His many legs, pitifully thin compared with the size of the rest of him.So many legs pitifully thin compared with the size of the rest of him waved about helplessly as he looked What's happened to me.",
      "status": 1,
      "rating": 3,
      "discountPrice": 10,
      "currentPrice": 900000
    },
    {
      "id": 7,
      "isActive": true,
      "roomTypeName": "Queen",
      "numberOfBed": 2,
      "name": "King Suite Room",
      "RoomNumber": 1,
      "roomPicture": "https://images.unsplash.com/photo-1578683010236-d716f9a3f461?ixlib=rb-4.0.3&ixid=MnwxMjA3fDB8MHxwaG90by1wYWdlfHx8fGVufDB8fHx8&auto=format&fit=crop&w=1470&q=80",
      "discription": "One morning, when Gregor Samsa woke from troubled dreams, he found himself transformed in his bed into a horrible vermin. He lay on his armour-like back.He lifted his head a little he could see his brown belly, slightly domed and divided by arches into stiff sections. The bedding was hardly able to cover it and seemed ready to slide off any moment. His many legs, pitifully thin compared with the size of the rest of him.So many legs pitifully thin compared with the size of the rest of him waved about helplessly as he looked What's happened to me.",
      "status": 1,
      "rating": 3.4,
      "discountPrice": 10,
      "currentPrice": 900000
    },
    {
      "id": 8,
      "isActive": true,
      "roomTypeName": "Queen",
      "numberOfBed": 2,
      "name": "King Suite Room",
      "RoomNumber": 1,
      "roomPicture": "https://images.unsplash.com/photo-1578683010236-d716f9a3f461?ixlib=rb-4.0.3&ixid=MnwxMjA3fDB8MHxwaG90by1wYWdlfHx8fGVufDB8fHx8&auto=format&fit=crop&w=1470&q=80",
      "discription": "One morning, when Gregor Samsa woke from troubled dreams, he found himself transformed in his bed into a horrible vermin. He lay on his armour-like back.He lifted his head a little he could see his brown belly, slightly domed and divided by arches into stiff sections. The bedding was hardly able to cover it and seemed ready to slide off any moment. His many legs, pitifully thin compared with the size of the rest of him.So many legs pitifully thin compared with the size of the rest of him waved about helplessly as he looked What's happened to me.",
      "status": 1,
      "rating": 3.4,
      "discountPrice": 10,
      "currentPrice": 100000000
    },
    {
      "id": 9,
      "isActive": true,
      "roomTypeName": "Queen",
      "numberOfBed": 2,
      "name": "King Suite Room",
      "RoomNumber": 1,
      "roomPicture": "https://images.unsplash.com/photo-1578683010236-d716f9a3f461?ixlib=rb-4.0.3&ixid=MnwxMjA3fDB8MHxwaG90by1wYWdlfHx8fGVufDB8fHx8&auto=format&fit=crop&w=1470&q=80",
      "discription": "One morning, when Gregor Samsa woke from troubled dreams, he found himself transformed in his bed into a horrible vermin. He lay on his armour-like back.He lifted his head a little he could see his brown belly, slightly domed and divided by arches into stiff sections. The bedding was hardly able to cover it and seemed ready to slide off any moment. His many legs, pitifully thin compared with the size of the rest of him.So many legs pitifully thin compared with the size of the rest of him waved about helplessly as he looked What's happened to me.",
      "status": 1,
      "rating": 3.4,
      "discountPrice": 10,
      "currentPrice": 100000000
    },
    {
      "id": 9,
      "isActive": true,
      "roomTypeName": "Queen",
      "numberOfBed": 2,
      "name": "King Suite Room",
      "RoomNumber": 1,
      "roomPicture": "https://images.unsplash.com/photo-1578683010236-d716f9a3f461?ixlib=rb-4.0.3&ixid=MnwxMjA3fDB8MHxwaG90by1wYWdlfHx8fGVufDB8fHx8&auto=format&fit=crop&w=1470&q=80",
      "discription": "One morning, when Gregor Samsa woke from troubled dreams, he found himself transformed in his bed into a horrible vermin. He lay on his armour-like back.He lifted his head a little he could see his brown belly, slightly domed and divided by arches into stiff sections. The bedding was hardly able to cover it and seemed ready to slide off any moment. His many legs, pitifully thin compared with the size of the rest of him.So many legs pitifully thin compared with the size of the rest of him waved about helplessly as he looked What's happened to me.",
      "status": 1,
      "rating": 3.4,
      "discountPrice": 10,
      "currentPrice": 100000000
    },
    {
      "id": 9,
      "isActive": true,
      "roomTypeName": "Queen",
      "numberOfBed": 2,
      "name": "King Suite Room",
      "RoomNumber": 1,
      "roomPicture": "https://images.unsplash.com/photo-1578683010236-d716f9a3f461?ixlib=rb-4.0.3&ixid=MnwxMjA3fDB8MHxwaG90by1wYWdlfHx8fGVufDB8fHx8&auto=format&fit=crop&w=1470&q=80",
      "discription": "One morning, when Gregor Samsa woke from troubled dreams, he found himself transformed in his bed into a horrible vermin. He lay on his armour-like back.He lifted his head a little he could see his brown belly, slightly domed and divided by arches into stiff sections. The bedding was hardly able to cover it and seemed ready to slide off any moment. His many legs, pitifully thin compared with the size of the rest of him.So many legs pitifully thin compared with the size of the rest of him waved about helplessly as he looked What's happened to me.",
      "status": 1,
      "rating": 3.4,
      "discountPrice": 10,
      "currentPrice": 100000000
    },
    {
      "id": 9,
      "isActive": true,
      "roomTypeName": "Queen",
      "numberOfBed": 2,
      "name": "King Suite Room",
      "RoomNumber": 1,
      "roomPicture": "https://images.unsplash.com/photo-1578683010236-d716f9a3f461?ixlib=rb-4.0.3&ixid=MnwxMjA3fDB8MHxwaG90by1wYWdlfHx8fGVufDB8fHx8&auto=format&fit=crop&w=1470&q=80",
      "discription": "One morning, when Gregor Samsa woke from troubled dreams, he found himself transformed in his bed into a horrible vermin. He lay on his armour-like back.He lifted his head a little he could see his brown belly, slightly domed and divided by arches into stiff sections. The bedding was hardly able to cover it and seemed ready to slide off any moment. His many legs, pitifully thin compared with the size of the rest of him.So many legs pitifully thin compared with the size of the rest of him waved about helplessly as he looked What's happened to me.",
      "status": 1,
      "rating": 3.4,
      "discountPrice": 10,
      "currentPrice": 100000000
    },
    {
      "id": 9,
      "isActive": true,
      "roomTypeName": "Queen2",
      "numberOfBed": 2,
      "name": "King Suite Room",
      "RoomNumber": 1,
      "roomPicture": "https://images.unsplash.com/photo-1578683010236-d716f9a3f461?ixlib=rb-4.0.3&ixid=MnwxMjA3fDB8MHxwaG90by1wYWdlfHx8fGVufDB8fHx8&auto=format&fit=crop&w=1470&q=80",
      "discription": "One morning, when Gregor Samsa woke from troubled dreams, he found himself transformed in his bed into a horrible vermin. He lay on his armour-like back.He lifted his head a little he could see his brown belly, slightly domed and divided by arches into stiff sections. The bedding was hardly able to cover it and seemed ready to slide off any moment. His many legs, pitifully thin compared with the size of the rest of him.So many legs pitifully thin compared with the size of the rest of him waved about helplessly as he looked What's happened to me.",
      "status": 1,
      "rating": 3.4,
      "discountPrice": 10,
      "currentPrice": 100000000
    }
  ],
  "blog": [
    {
      "id": 1,
      "isActive": true,
      "roomTypeName": "Single",
      "numberOfBed": 2,
      "imgTitle": "https://images.unsplash.com/photo-1512918728675-ed5a9ecdebfd?ixlib=rb-4.0.3&ixid=MnwxMjA3fDB8MHxwaG90by1wYWdlfHx8fGVufDB8fHx8&auto=format&fit=crop&w=1470&q=80",
      "discription": "Independent Festival",
      "postDate": "2023-04-12"
    },
    {
      "id": 2,
      "isActive": true,
      "roomTypeName": "Single",
      "numberOfBed": 2,
      "imgTitle": "https://images.unsplash.com/photo-1591088398332-8a7791972843?ixlib=rb-4.0.3&ixid=MnwxMjA3fDB8MHxwaG90by1wYWdlfHx8fGVufDB8fHx8&auto=format&fit=crop&w=1074&q=80",
      "discription": "Independent Festival",
      "postDate": "2023-04-12"
    },
    {
      "id": 3,
      "isActive": true,
      "roomTypeName": "Single",
      "numberOfBed": 2,
      "imgTitle": "https://images.unsplash.com/photo-1617104678098-de229db51175?ixlib=rb-4.0.3&ixid=MnwxMjA3fDB8MHxwaG90by1wYWdlfHx8fGVufDB8fHx8&auto=format&fit=crop&w=2114&q=80",
      "discription": "Independent Festival",
      "postDate": "2023-04-12"
    }
  ],
  "user": [
    {
      "id": 1,
      "isActive": true,
      "roomTypeName": "Single",
      "numberOfBed": 2,
      "email": "wren1@gmail.com",
      "userName": "baonhatt",
      "Image": "https://images.unsplash.com/flagged/photo-1573740144655-bbb6e88fb18a?ixlib=rb-4.0.3&ixid=MnwxMjA3fDB8MHxzZWFyY2h8OHx8dXNlcnxlbnwwfHwwfHw%3D&auto=format&fit=crop&w=500&q=60",
      "Address": "Thanh Khe, Da Nang",
      "PhoneNumber": "083598746346",
      "CMND": "038403495873"
    },
    {
      "id": 2,
      "isActive": true,
      "roomTypeName": "Single",
      "numberOfBed": 2,
      "email": "wren2@gmail.com",
      "userName": "baonhatt",
      "Image": "https://images.unsplash.com/flagged/photo-1573740144655-bbb6e88fb18a?ixlib=rb-4.0.3&ixid=MnwxMjA3fDB8MHxzZWFyY2h8OHx8dXNlcnxlbnwwfHwwfHw%3D&auto=format&fit=crop&w=500&q=60",
      "Address": "Thanh Khe, Da Nang",
      "PhoneNumber": "083598746346",
      "CMND": "038403495873"
    },
    {
      "id": 3,
      "isActive": true,
      "roomTypeName": "Single",
      "numberOfBed": 2,
      "email": "wren2@gmail.com",
      "userName": "baonhatt",
      "Image": "https://images.unsplash.com/flagged/photo-1573740144655-bbb6e88fb18a?ixlib=rb-4.0.3&ixid=MnwxMjA3fDB8MHxzZWFyY2h8OHx8dXNlcnxlbnwwfHwwfHw%3D&auto=format&fit=crop&w=500&q=60",
      "Address": "Thanh Khe, Da Nang",
      "PhoneNumber": "083598746346",
      "CMND": "038403495873"
    }
  ]
}
